-- phpMyAdmin SQL Dump
-- version 4.4.10
-- http://www.phpmyadmin.net
--
-- Host: localhost:8889
-- Generation Time: 2016 年 1 月 30 日 19:12
-- サーバのバージョン： 5.5.42
-- PHP Version: 5.6.10

SET SQL_MODE = "NO_AUTO_VALUE_ON_ZERO";
SET time_zone = "+00:00";

--
-- Database: `LAA0682918-shashoku`
--

-- --------------------------------------------------------

--
-- テーブルの構造 `colors`
--

DROP TABLE IF EXISTS `colors`;
CREATE TABLE `colors` (
  `id` int(11) NOT NULL,
  `name` varchar(500) NOT NULL,
  `color_code` varchar(100) NOT NULL,
  `del_flg` tinyint(4) NOT NULL,
  `created` datetime NOT NULL,
  `modified` datetime NOT NULL
) ENGINE=InnoDB AUTO_INCREMENT=11 DEFAULT CHARSET=utf8;

--
-- テーブルのデータのダンプ `colors`
--

INSERT INTO `colors` (`id`, `name`, `color_code`, `del_flg`, `created`, `modified`) VALUES
(1, '橙', '#ffb2b2', 0, '2016-01-01 00:00:00', '2016-01-01 00:00:00'),
(2, '赤', '#ffb2d8 ', 0, '2016-01-01 00:00:00', '2016-01-01 00:00:00'),
(3, 'ピンク', '#ffb2ff', 0, '2016-01-01 00:00:00', '2016-01-01 00:00:00'),
(4, '紫', '#d8b2ff', 0, '2016-01-01 00:00:00', '2016-01-01 00:00:00'),
(5, '青', '#b2b2ff', 0, '2016-01-01 00:00:00', '2016-01-01 00:00:00'),
(6, '空', '#b2d8ff', 0, '2016-01-01 00:00:00', '2016-01-01 00:00:00'),
(7, '水', '#b2ffff', 0, '2016-01-01 00:00:00', '2016-01-01 00:00:00'),
(8, 'エメラルド', '#b2ffd8', 0, '2016-01-01 00:00:00', '2016-01-01 00:00:00'),
(9, '緑', '#b2ffb2', 0, '2016-01-01 00:00:00', '2016-01-01 00:00:00'),
(10, '黄色', '#ffffb2', 0, '2016-01-01 00:00:00', '2016-01-01 00:00:00');

-- --------------------------------------------------------

--
-- テーブルの構造 `companies`
--

DROP TABLE IF EXISTS `companies`;
CREATE TABLE `companies` (
  `id` int(11) NOT NULL,
  `name` varchar(500) NOT NULL,
  `basic_price` int(11) NOT NULL,
  `monthly_coupon_num` int(11) NOT NULL,
  `del_flg` tinyint(4) NOT NULL,
  `created` datetime NOT NULL,
  `modified` datetime NOT NULL
) ENGINE=InnoDB AUTO_INCREMENT=3 DEFAULT CHARSET=utf8;

--
-- テーブルのデータのダンプ `companies`
--

INSERT INTO `companies` (`id`, `name`, `basic_price`, `monthly_coupon_num`, `del_flg`, `created`, `modified`) VALUES
(1, '会社kaisha1', 300, 10, 0, '2016-01-01 00:00:00', '2016-01-01 00:00:00'),
(2, '会社kaisha2', 200, 20, 0, '2016-01-01 00:00:00', '2016-01-01 00:00:00');

-- --------------------------------------------------------

--
-- テーブルの構造 `coupons`
--

DROP TABLE IF EXISTS `coupons`;
CREATE TABLE `coupons` (
  `id` int(11) NOT NULL,
  `restaurant_id` int(11) NOT NULL,
  `priority_order` int(11) NOT NULL,
  `set_menu_id` int(11) NOT NULL,
  `additional_price` int(11) NOT NULL,
  `start_date` datetime NOT NULL,
  `end_date` datetime NOT NULL,
  `created` datetime NOT NULL,
  `modified` datetime NOT NULL,
  `del_flg` tinyint(4) NOT NULL
) ENGINE=InnoDB AUTO_INCREMENT=47 DEFAULT CHARSET=utf8;

--
-- テーブルのデータのダンプ `coupons`
--

INSERT INTO `coupons` (`id`, `restaurant_id`, `priority_order`, `set_menu_id`, `additional_price`, `start_date`, `end_date`, `created`, `modified`, `del_flg`) VALUES
(1, 1, 1, 1, 400, '2016-01-01 00:00:00', '2016-01-01 00:00:00', '2017-01-01 00:00:00', '2016-01-24 23:00:11', 0),
(2, 1, 2, 2, 400, '2016-01-01 00:00:00', '2016-01-02 00:00:00', '2017-01-01 00:00:00', '2016-01-01 00:00:00', 0),
(3, 1, 3, 3, 300, '2016-01-01 00:00:00', '2017-01-03 00:00:00', '2017-01-01 00:00:00', '2016-01-01 00:00:00', 0),
(4, 2, 1, 4, 400, '2016-01-01 00:00:00', '2017-01-01 00:00:00', '2016-01-01 00:00:00', '2016-01-01 00:00:00', 0),
(5, 2, 2, 5, 500, '2016-01-01 00:00:00', '2017-01-01 00:00:00', '2016-01-01 00:00:00', '2016-01-01 00:00:00', 0),
(6, 2, 3, 6, 600, '2016-01-01 00:00:00', '2017-01-01 00:00:00', '2016-01-01 00:00:00', '2016-01-01 00:00:00', 0),
(7, 3, 1, 7, 700, '2016-01-01 00:00:00', '2017-01-01 00:00:00', '2016-01-01 00:00:00', '2016-01-01 00:00:00', 0),
(8, 3, 2, 8, 300, '2016-01-01 00:00:00', '2017-01-01 00:00:00', '2016-01-01 00:00:00', '2016-01-01 00:00:00', 1),
(9, 3, 3, 9, 300, '2016-01-01 00:00:00', '2017-01-01 00:00:00', '2016-01-01 00:00:00', '2016-01-01 00:00:00', 0),
(10, 4, 1, 10, 300, '2016-01-01 00:00:00', '2017-01-01 00:00:00', '2016-01-01 00:00:00', '2016-01-01 00:00:00', 0),
(11, 4, 2, 11, 300, '2016-01-01 00:00:00', '2016-01-31 00:00:00', '2016-01-01 00:00:00', '2016-01-01 00:00:00', 0),
(12, 4, 3, 12, 300, '2015-12-01 00:00:00', '2015-12-31 23:59:59', '2016-01-01 00:00:00', '2016-01-01 00:00:00', 0),
(13, 4, 4, 13, 300, '2016-01-01 00:00:00', '2016-01-01 00:00:00', '2016-01-01 00:00:00', '2016-01-01 00:00:00', 0),
(14, 5, 1, 14, 400, '2016-01-01 00:00:00', '2017-01-01 00:00:00', '2016-01-01 00:00:00', '2016-01-01 00:00:00', 0),
(15, 5, 2, 15, 300, '2016-01-01 00:00:00', '2017-01-01 00:00:00', '2016-01-01 00:00:00', '2016-01-01 00:00:00', 0),
(16, 5, 3, 16, 400, '2016-01-01 00:00:00', '2017-01-01 00:00:00', '2016-01-01 00:00:00', '2016-01-01 00:00:00', 0),
(17, 6, 1, 17, 500, '2016-01-01 00:00:00', '2017-01-01 00:00:00', '2016-01-01 00:00:00', '2016-01-01 00:00:00', 0),
(18, 6, 2, 18, 600, '2016-01-01 00:00:00', '2017-01-01 00:00:00', '2016-01-01 00:00:00', '2016-01-01 00:00:00', 0),
(19, 6, 3, 19, 700, '2016-01-01 00:00:00', '2017-01-01 00:00:00', '2016-01-01 00:00:00', '2016-01-01 00:00:00', 0),
(20, 7, 1, 20, 300, '2016-01-01 00:00:00', '2017-01-01 00:00:00', '2016-01-01 00:00:00', '2016-01-01 00:00:00', 1),
(21, 7, 2, 21, 300, '2016-01-01 00:00:00', '2017-01-01 00:00:00', '2016-01-01 00:00:00', '2016-01-01 00:00:00', 0),
(22, 7, 3, 22, 300, '2016-01-01 00:00:00', '2017-01-01 00:00:00', '2016-01-01 00:00:00', '2016-01-01 00:00:00', 0),
(23, 8, 1, 23, 300, '2016-01-01 00:00:00', '2016-01-31 00:00:00', '2016-01-01 00:00:00', '2016-01-01 00:00:00', 0),
(24, 8, 2, 24, 300, '2015-12-01 00:00:00', '2015-12-31 23:59:59', '2016-01-01 00:00:00', '2016-01-01 00:00:00', 0),
(25, 8, 3, 25, 300, '2016-01-01 00:00:00', '2016-01-01 00:00:00', '2016-01-01 00:00:00', '2016-01-01 00:00:00', 0),
(26, 9, 1, 26, 400, '2016-01-01 00:00:00', '2017-01-01 00:00:00', '2016-01-01 00:00:00', '2016-01-01 00:00:00', 0),
(27, 9, 2, 27, 300, '2016-01-01 00:00:00', '2017-01-01 00:00:00', '2016-01-01 00:00:00', '2016-01-01 00:00:00', 0),
(28, 9, 3, 28, 400, '2016-01-01 00:00:00', '2017-01-01 00:00:00', '2016-01-01 00:00:00', '2016-01-01 00:00:00', 0),
(29, 10, 1, 29, 500, '2016-01-01 00:00:00', '2017-01-01 00:00:00', '2016-01-01 00:00:00', '2016-01-01 00:00:00', 0),
(30, 10, 2, 30, 600, '2016-01-01 00:00:00', '2017-01-01 00:00:00', '2016-01-01 00:00:00', '2016-01-01 00:00:00', 0),
(31, 10, 3, 31, 700, '2016-01-01 00:00:00', '2017-01-01 00:00:00', '2016-01-01 00:00:00', '2016-01-01 00:00:00', 0),
(32, 11, 1, 32, 300, '2016-01-01 00:00:00', '2017-01-01 00:00:00', '2016-01-01 00:00:00', '2016-01-01 00:00:00', 1),
(33, 11, 2, 33, 300, '2016-01-01 00:00:00', '2017-01-01 00:00:00', '2016-01-01 00:00:00', '2016-01-01 00:00:00', 0),
(34, 11, 3, 34, 300, '2016-01-01 00:00:00', '2017-01-01 00:00:00', '2016-01-01 00:00:00', '2016-01-01 00:00:00', 0),
(35, 12, 1, 35, 300, '2016-01-01 00:00:00', '2016-01-31 00:00:00', '2016-01-01 00:00:00', '2016-01-01 00:00:00', 0),
(36, 12, 2, 36, 300, '2015-12-01 00:00:00', '2015-12-31 23:59:59', '2016-01-01 00:00:00', '2016-01-01 00:00:00', 0),
(37, 12, 3, 37, 300, '2016-01-01 00:00:00', '2016-01-01 00:00:00', '2016-01-01 00:00:00', '2016-01-01 00:00:00', 0),
(38, 13, 1, 38, 400, '2016-01-01 00:00:00', '2017-01-01 00:00:00', '2016-01-01 00:00:00', '2016-01-01 00:00:00', 0),
(39, 13, 2, 39, 300, '2016-01-01 00:00:00', '2017-01-01 00:00:00', '2016-01-01 00:00:00', '2016-01-01 00:00:00', 0),
(40, 13, 3, 40, 400, '2016-01-01 00:00:00', '2017-01-01 00:00:00', '2016-01-01 00:00:00', '2016-01-01 00:00:00', 0),
(41, 14, 1, 41, 500, '2016-01-01 00:00:00', '2017-01-01 00:00:00', '2016-01-01 00:00:00', '2016-01-01 00:00:00', 0),
(42, 14, 2, 42, 600, '2016-01-01 00:00:00', '2017-01-01 00:00:00', '2016-01-01 00:00:00', '2016-01-01 00:00:00', 0),
(43, 14, 3, 43, 700, '2016-01-01 00:00:00', '2017-01-01 00:00:00', '2016-01-01 00:00:00', '2016-01-01 00:00:00', 0),
(44, 15, 1, 44, 300, '2016-01-01 00:00:00', '2017-01-01 00:00:00', '2016-01-01 00:00:00', '2016-01-01 00:00:00', 1),
(45, 15, 2, 45, 300, '2016-01-01 00:00:00', '2017-01-01 00:00:00', '2016-01-01 00:00:00', '2016-01-01 00:00:00', 0),
(46, 15, 3, 46, 300, '2016-01-01 00:00:00', '2017-01-01 00:00:00', '2016-01-01 00:00:00', '2016-01-01 00:00:00', 0);

-- --------------------------------------------------------

--
-- テーブルの構造 `restaurants`
--

DROP TABLE IF EXISTS `restaurants`;
CREATE TABLE `restaurants` (
  `id` int(11) NOT NULL,
  `name` varchar(500) NOT NULL,
  `description` varchar(1000) NOT NULL,
  `start_date` datetime NOT NULL,
  `end_date` datetime NOT NULL,
  `address` varchar(500) NOT NULL,
  `phone_num` varchar(500) NOT NULL,
  `seats_num` varchar(500) NOT NULL,
  `regular_holiday` varchar(500) NOT NULL,
  `url` varchar(500) NOT NULL,
  `lunch_time` varchar(500) NOT NULL,
  `open_time` varchar(500) NOT NULL,
  `smoke_flg` int(11) NOT NULL,
  `reservation_flg` int(11) NOT NULL,
  `created` datetime NOT NULL,
  `modified` datetime NOT NULL,
  `del_flg` tinyint(4) unsigned NOT NULL DEFAULT '0'
) ENGINE=InnoDB AUTO_INCREMENT=16 DEFAULT CHARSET=utf8;

--
-- テーブルのデータのダンプ `restaurants`
--

INSERT INTO `restaurants` (`id`, `name`, `description`, `start_date`, `end_date`, `address`, `phone_num`, `seats_num`, `regular_holiday`, `url`, `lunch_time`, `open_time`, `smoke_flg`, `reservation_flg`, `created`, `modified`, `del_flg`) VALUES
(1, 'ichicha cafe', 'アクセスしやすい隠れ家カフェ！季節の野菜をたっぷり使ったおいしいグラタンをご用意してお待ちしています。', '2016-01-01 00:00:00', '2017-01-01 00:00:00', '東京都渋谷区若林3-11-60', '03-1234-5678', '店内10席（カウンター5席）、テラス5席', '水曜日', 'http://tabelog.com/tokyo/A1317/A131706/13101480/', '月〜金：11:30 ~ 14:00、土日：10:00 ~ 14:00', '月〜金：08:30 ~ 22:00、土日：09:00 ~ 22:00', 0, 0, '2015-12-01 00:00:00', '2015-12-01 00:00:00', 0),
(2, 'nicha cafe', 'アクセスしやすい隠れ家カフェ！季節の野菜をたっぷり使ったおいしいグラタンをご用意してお待ちしています。', '2016-01-01 00:00:00', '2017-01-01 00:00:00', '東京都渋谷区若林3-11-60', '03-1234-5678', '店内10席（カウンター5席）、テラス5席', '水曜日', 'http://tabelog.com/tokyo/A1317/A131706/13101480/', '月〜金：11:30 ~ 14:00、土日：10:00 ~ 14:00', '月〜金：08:30 ~ 22:00、土日：09:00 ~ 22:00', 0, 0, '2015-12-01 00:00:00', '2015-12-01 00:00:00', 0),
(3, 'sancha cafe', 'アクセスしやすい隠れ家カフェ！季節の野菜をたっぷり使ったおいしいグラタンをご用意してお待ちしています。', '2016-01-01 00:00:00', '2017-01-01 00:00:00', '東京都渋谷区若林3-11-60', '03-1234-5678', '店内10席（カウンター5席）、テラス5席', '水曜日', 'http://tabelog.com/tokyo/A1317/A131706/13101480/', '月〜金：11:30 ~ 14:00、土日：10:00 ~ 14:00', '月〜金：08:30 ~ 22:00、土日：09:00 ~ 22:00', 0, 0, '2015-12-01 00:00:00', '2015-12-01 00:00:00', 0),
(4, 'yoncha cafe', 'アクセスしやすい隠れ家カフェ！季節の野菜をたっぷり使ったおいしいグラタンをご用意してお待ちしています。', '2016-01-01 00:00:00', '2017-01-01 00:00:00', '東京都渋谷区若林3-11-60', '03-1234-5678', '店内10席（カウンター5席）、テラス5席', '水曜日', 'http://tabelog.com/tokyo/A1317/A131706/13101480/', '月〜金：11:30 ~ 14:00、土日：10:00 ~ 14:00', '月〜金：08:30 ~ 22:00、土日：09:00 ~ 22:00', 0, 0, '2015-12-01 00:00:00', '2015-12-01 00:00:00', 0),
(5, 'gocha cafe', 'アクセスしやすい隠れ家カフェ！季節の野菜をたっぷり使ったおいしいグラタンをご用意してお待ちしています。', '2016-01-01 00:00:00', '2017-01-01 00:00:00', '東京都渋谷区若林3-11-60', '03-1234-5678', '店内10席（カウンター5席）、テラス5席', '水曜日', 'http://tabelog.com/tokyo/A1317/A131706/13101480/', '月〜金：11:30 ~ 14:00、土日：10:00 ~ 14:00', '月〜金：08:30 ~ 22:00、土日：09:00 ~ 22:00', 0, 0, '2015-12-01 00:00:00', '2015-12-01 00:00:00', 0),
(6, 'rokucha cafe', 'アクセスしやすい隠れ家カフェ！季節の野菜をたっぷり使ったおいしいグラタンをご用意してお待ちしています。', '2016-01-01 00:00:00', '2017-01-01 00:00:00', '東京都渋谷区若林3-11-60', '03-1234-5678', '店内10席（カウンター5席）、テラス5席', '水曜日', 'http://tabelog.com/tokyo/A1317/A131706/13101480/', '月〜金：11:30 ~ 14:00、土日：10:00 ~ 14:00', '月〜金：08:30 ~ 22:00、土日：09:00 ~ 22:00', 0, 0, '2015-12-01 00:00:00', '2015-12-01 00:00:00', 0),
(7, 'nanacha cafe', 'アクセスしやすい隠れ家カフェ！季節の野菜をたっぷり使ったおいしいグラタンをご用意してお待ちしています。', '2016-01-01 00:00:00', '2017-01-01 00:00:00', '東京都渋谷区若林3-11-60', '03-1234-5678', '店内10席（カウンター5席）、テラス5席', '水曜日', 'http://tabelog.com/tokyo/A1317/A131706/13101480/', '月〜金：11:30 ~ 14:00、土日：10:00 ~ 14:00', '月〜金：08:30 ~ 22:00、土日：09:00 ~ 22:00', 0, 0, '2015-12-01 00:00:00', '2015-12-01 00:00:00', 0),
(8, 'hachicha cafe', 'アクセスしやすい隠れ家カフェ！季節の野菜をたっぷり使ったおいしいグラタンをご用意してお待ちしています。', '2016-01-01 00:00:00', '2017-01-01 00:00:00', '東京都渋谷区若林3-11-60', '03-1234-5678', '店内10席（カウンター5席）、テラス5席', '水曜日', 'http://tabelog.com/tokyo/A1317/A131706/13101480/', '月〜金：11:30 ~ 14:00、土日：10:00 ~ 14:00', '月〜金：08:30 ~ 22:00、土日：09:00 ~ 22:00', 0, 0, '2015-12-01 00:00:00', '2015-12-01 00:00:00', 0),
(9, 'kyucha cafe', 'アクセスしやすい隠れ家カフェ！季節の野菜をたっぷり使ったおいしいグラタンをご用意してお待ちしています。', '2016-01-01 00:00:00', '2017-01-01 00:00:00', '東京都渋谷区若林3-11-60', '03-1234-5678', '店内10席（カウンター5席）、テラス5席', '水曜日', 'http://tabelog.com/tokyo/A1317/A131706/13101480/', '月〜金：11:30 ~ 14:00、土日：10:00 ~ 14:00', '月〜金：08:30 ~ 22:00、土日：09:00 ~ 22:00', 0, 0, '2015-12-01 00:00:00', '2015-12-01 00:00:00', 0),
(10, 'jucha cafe', 'アクセスしやすい隠れ家カフェ！季節の野菜をたっぷり使ったおいしいグラタンをご用意してお待ちしています。', '2016-01-01 00:00:00', '2017-01-01 00:00:00', '東京都渋谷区若林3-11-60', '03-1234-5678', '店内10席（カウンター5席）、テラス5席', '水曜日', 'http://tabelog.com/tokyo/A1317/A131706/13101480/', '月〜金：11:30 ~ 14:00、土日：10:00 ~ 14:00', '月〜金：08:30 ~ 22:00、土日：09:00 ~ 22:00', 0, 0, '2015-12-01 00:00:00', '2015-12-01 00:00:00', 0),
(11, '11cha cafe', 'アクセスしやすい隠れ家カフェ！季節の野菜をたっぷり使ったおいしいグラタンをご用意してお待ちしています。', '2016-01-01 00:00:00', '2017-01-01 00:00:00', '東京都渋谷区若林3-11-60', '03-1234-5678', '店内10席（カウンター5席）、テラス5席', '水曜日', 'http://tabelog.com/tokyo/A1317/A131706/13101480/', '月〜金：11:30 ~ 14:00、土日：10:00 ~ 14:00', '月〜金：08:30 ~ 22:00、土日：09:00 ~ 22:00', 0, 0, '2015-12-01 00:00:00', '2015-12-01 00:00:00', 0),
(12, '12cha cafe', 'アクセスしやすい隠れ家カフェ！季節の野菜をたっぷり使ったおいしいグラタンをご用意してお待ちしています。', '2016-01-01 00:00:00', '2017-01-01 00:00:00', '東京都渋谷区若林3-11-60', '03-1234-5678', '店内10席（カウンター5席）、テラス5席', '水曜日', 'http://tabelog.com/tokyo/A1317/A131706/13101480/', '月〜金：11:30 ~ 14:00、土日：10:00 ~ 14:00', '月〜金：08:30 ~ 22:00、土日：09:00 ~ 22:00', 0, 0, '2015-12-01 00:00:00', '2015-12-01 00:00:00', 0),
(13, '13cha cafe', 'アクセスしやすい隠れ家カフェ！季節の野菜をたっぷり使ったおいしいグラタンをご用意してお待ちしています。', '2016-01-01 00:00:00', '2017-01-01 00:00:00', '東京都渋谷区若林3-11-60', '03-1234-5678', '店内10席（カウンター5席）、テラス5席', '水曜日', 'http://tabelog.com/tokyo/A1317/A131706/13101480/', '月〜金：11:30 ~ 14:00、土日：10:00 ~ 14:00', '月〜金：08:30 ~ 22:00、土日：09:00 ~ 22:00', 0, 0, '2015-12-01 00:00:00', '2015-12-01 00:00:00', 0),
(14, '14cha cafe', 'アクセスしやすい隠れ家カフェ！季節の野菜をたっぷり使ったおいしいグラタンをご用意してお待ちしています。', '2016-01-01 00:00:00', '2017-01-01 00:00:00', '東京都渋谷区若林3-11-60', '03-1234-5678', '店内10席（カウンター5席）、テラス5席', '水曜日', 'http://tabelog.com/tokyo/A1317/A131706/13101480/', '月〜金：11:30 ~ 14:00、土日：10:00 ~ 14:00', '月〜金：08:30 ~ 22:00、土日：09:00 ~ 22:00', 0, 0, '2015-12-01 00:00:00', '2015-12-01 00:00:00', 0),
(15, '15cha cafe', 'アクセスしやすい隠れ家カフェ！季節の野菜をたっぷり使ったおいしいグラタンをご用意してお待ちしています。', '2016-01-01 00:00:00', '2017-01-01 00:00:00', '東京都渋谷区若林3-11-60', '03-1234-5678', '店内10席（カウンター5席）、テラス5席', '水曜日', 'http://tabelog.com/tokyo/A1317/A131706/13101480/', '月〜金：11:30 ~ 14:00、土日：10:00 ~ 14:00', '月〜金：08:30 ~ 22:00、土日：09:00 ~ 22:00', 0, 0, '2015-12-01 00:00:00', '2015-12-01 00:00:00', 0);

-- --------------------------------------------------------

--
-- テーブルの構造 `restaurants_genres`
--

DROP TABLE IF EXISTS `restaurants_genres`;
CREATE TABLE `restaurants_genres` (
  `id` int(11) NOT NULL,
  `name` varchar(500) NOT NULL,
  `created` datetime NOT NULL,
  `modified` datetime NOT NULL,
  `del_flg` tinyint(4) NOT NULL
) ENGINE=InnoDB AUTO_INCREMENT=5 DEFAULT CHARSET=utf8;

--
-- テーブルのデータのダンプ `restaurants_genres`
--

INSERT INTO `restaurants_genres` (`id`, `name`, `created`, `modified`, `del_flg`) VALUES
(1, 'イタリアン', '2016-01-01 00:00:00', '2016-01-01 00:00:00', 0),
(2, '和食', '2016-01-01 00:00:00', '2016-01-01 00:00:00', 0),
(3, '中華', '2016-01-01 00:00:00', '2016-01-01 00:00:00', 0),
(4, 'フレンチ', '2016-01-01 00:00:00', '2016-01-01 00:00:00', 0);

-- --------------------------------------------------------

--
-- テーブルの構造 `restaurants_genres_relations`
--

DROP TABLE IF EXISTS `restaurants_genres_relations`;
CREATE TABLE `restaurants_genres_relations` (
  `id` int(11) NOT NULL,
  `restaurant_id` int(11) NOT NULL,
  `priority_order` int(11) NOT NULL,
  `restaurants_genre_id` int(11) NOT NULL,
  `created` datetime NOT NULL,
  `modified` datetime NOT NULL,
  `del_flg` tinyint(4) NOT NULL
) ENGINE=InnoDB AUTO_INCREMENT=47 DEFAULT CHARSET=utf8;

--
-- テーブルのデータのダンプ `restaurants_genres_relations`
--

INSERT INTO `restaurants_genres_relations` (`id`, `restaurant_id`, `priority_order`, `restaurants_genre_id`, `created`, `modified`, `del_flg`) VALUES
(1, 1, 1, 1, '2016-01-01 00:00:00', '2016-01-01 00:00:00', 0),
(2, 1, 2, 2, '2016-01-01 00:00:00', '2016-01-01 00:00:00', 0),
(3, 1, 3, 4, '2016-01-01 00:00:00', '2016-01-24 23:30:25', 0),
(4, 2, 1, 4, '2016-01-01 00:00:00', '2016-01-01 00:00:00', 0),
(5, 2, 2, 1, '2016-01-01 00:00:00', '2016-01-01 00:00:00', 0),
(6, 2, 3, 2, '2016-01-01 00:00:00', '2016-01-01 00:00:00', 0),
(7, 3, 1, 3, '2016-01-01 00:00:00', '2016-01-01 00:00:00', 0),
(8, 3, 2, 4, '2016-01-01 00:00:00', '2016-01-01 00:00:00', 0),
(9, 3, 3, 1, '2016-01-01 00:00:00', '2016-01-01 00:00:00', 0),
(10, 4, 1, 2, '2016-01-01 00:00:00', '2016-01-01 00:00:00', 0),
(11, 4, 2, 3, '2016-01-01 00:00:00', '2016-01-01 00:00:00', 0),
(12, 4, 3, 4, '2016-01-01 00:00:00', '2016-01-01 00:00:00', 0),
(13, 4, 4, 1, '2016-01-01 00:00:00', '2016-01-01 00:00:00', 0),
(14, 5, 1, 2, '2016-01-01 00:00:00', '2016-01-01 00:00:00', 0),
(15, 5, 2, 3, '2016-01-01 00:00:00', '2016-01-01 00:00:00', 0),
(16, 5, 3, 4, '2016-01-01 00:00:00', '2016-01-01 00:00:00', 0),
(17, 6, 1, 1, '2016-01-01 00:00:00', '2016-01-01 00:00:00', 0),
(18, 6, 2, 2, '2016-01-01 00:00:00', '2016-01-01 00:00:00', 0),
(19, 6, 3, 3, '2016-01-01 00:00:00', '2016-01-01 00:00:00', 0),
(20, 7, 1, 1, '2016-01-01 00:00:00', '2016-01-01 00:00:00', 0),
(21, 7, 2, 2, '2016-01-01 00:00:00', '2016-01-01 00:00:00', 0),
(22, 7, 3, 3, '2016-01-01 00:00:00', '2016-01-01 00:00:00', 0),
(23, 8, 1, 4, '2016-01-01 00:00:00', '2016-01-01 00:00:00', 0),
(24, 8, 2, 1, '2016-01-01 00:00:00', '2016-01-01 00:00:00', 0),
(25, 8, 3, 2, '2016-01-01 00:00:00', '2016-01-01 00:00:00', 0),
(26, 9, 1, 3, '2016-01-01 00:00:00', '2016-01-01 00:00:00', 0),
(27, 9, 2, 4, '2016-01-01 00:00:00', '2016-01-01 00:00:00', 0),
(28, 9, 3, 1, '2016-01-01 00:00:00', '2016-01-01 00:00:00', 0),
(29, 10, 1, 2, '2016-01-01 00:00:00', '2016-01-01 00:00:00', 0),
(30, 10, 2, 3, '2016-01-01 00:00:00', '2016-01-01 00:00:00', 0),
(31, 10, 3, 4, '2016-01-01 00:00:00', '2016-01-01 00:00:00', 0),
(32, 11, 1, 1, '2016-01-01 00:00:00', '2016-01-01 00:00:00', 0),
(33, 11, 2, 2, '2016-01-01 00:00:00', '2016-01-01 00:00:00', 0),
(34, 11, 3, 3, '2016-01-01 00:00:00', '2016-01-01 00:00:00', 0),
(35, 12, 1, 4, '2016-01-01 00:00:00', '2016-01-01 00:00:00', 0),
(36, 12, 2, 1, '2016-01-01 00:00:00', '2016-01-01 00:00:00', 0),
(37, 12, 3, 2, '2016-01-01 00:00:00', '2016-01-01 00:00:00', 0),
(38, 13, 1, 3, '2016-01-01 00:00:00', '2016-01-01 00:00:00', 0),
(39, 13, 2, 4, '2016-01-01 00:00:00', '2016-01-01 00:00:00', 0),
(40, 13, 3, 1, '2016-01-01 00:00:00', '2016-01-01 00:00:00', 0),
(41, 14, 1, 2, '2016-01-01 00:00:00', '2016-01-01 00:00:00', 0),
(42, 14, 2, 3, '2016-01-01 00:00:00', '2016-01-01 00:00:00', 0),
(43, 14, 3, 4, '2016-01-01 00:00:00', '2016-01-01 00:00:00', 0),
(44, 15, 1, 1, '2016-01-01 00:00:00', '2016-01-01 00:00:00', 0),
(45, 15, 2, 2, '2016-01-01 00:00:00', '2016-01-01 00:00:00', 0),
(46, 15, 3, 3, '2016-01-01 00:00:00', '2016-01-01 00:00:00', 0);

-- --------------------------------------------------------

--
-- テーブルの構造 `restaurants_photos`
--

DROP TABLE IF EXISTS `restaurants_photos`;
CREATE TABLE `restaurants_photos` (
  `id` int(11) NOT NULL,
  `restaurant_id` int(11) NOT NULL,
  `priority_order` int(11) NOT NULL,
  `file_name` varchar(500) NOT NULL,
  `created` datetime NOT NULL,
  `modified` datetime NOT NULL,
  `del_flg` tinyint(4) NOT NULL
) ENGINE=InnoDB AUTO_INCREMENT=47 DEFAULT CHARSET=utf8;

--
-- テーブルのデータのダンプ `restaurants_photos`
--

INSERT INTO `restaurants_photos` (`id`, `restaurant_id`, `priority_order`, `file_name`, `created`, `modified`, `del_flg`) VALUES
(1, 1, 1, 'restaurant_1_1.jpg', '2016-01-01 00:00:00', '2016-01-24 22:13:47', 0),
(2, 1, 2, 'restaurant_1_2.jpg', '2016-01-01 00:00:00', '2016-01-24 22:13:02', 0),
(3, 1, 3, 'restaurant_1_3.jpg', '2016-01-01 00:00:00', '2016-01-01 00:00:00', 0),
(4, 2, 1, 'restaurant_2_2.jpg', '2016-01-01 00:00:00', '2016-01-01 00:00:00', 0),
(5, 2, 4, 'restaurant_2_2.jpg', '2016-01-01 00:00:00', '2016-01-24 22:09:22', 0),
(6, 2, 3, 'restaurant_2_1.jpg', '2016-01-01 00:00:00', '2016-01-01 00:00:00', 0),
(7, 3, 1, 'restaurant_3_1.jpg', '2016-01-01 00:00:00', '2016-01-01 00:00:00', 0),
(8, 3, 2, 'restaurant_3_2.jpg', '2016-01-01 00:00:00', '2016-01-01 00:00:00', 0),
(9, 3, 3, 'restaurant_3_3.jpg', '2016-01-01 00:00:00', '2016-01-01 00:00:00', 0),
(10, 4, 1, 'restaurant_4_1.jpg', '2016-01-01 00:00:00', '2016-01-01 00:00:00', 0),
(11, 4, 2, 'restaurant_4_2.jpg', '2016-01-01 00:00:00', '2016-01-01 00:00:00', 0),
(12, 4, 3, 'restaurant_4_3.jpg', '2016-01-01 00:00:00', '2016-01-01 00:00:00', 0),
(13, 4, 4, 'restaurant_4_4.jpg', '2016-01-01 00:00:00', '2016-01-01 00:00:00', 0),
(14, 5, 1, 'restaurant_5_1.jpg', '2016-01-01 00:00:00', '2016-01-01 00:00:00', 0),
(16, 5, 3, 'restaurant_5_3.jpg', '2016-01-01 00:00:00', '2016-01-01 00:00:00', 0),
(17, 6, 1, 'restaurant_6_1.jpg', '2016-01-01 00:00:00', '2016-01-01 00:00:00', 0),
(18, 6, 2, 'restaurant_6_2.jpg', '2016-01-01 00:00:00', '2016-01-01 00:00:00', 0),
(19, 6, 3, 'restaurant_6_3.jpg', '2016-01-01 00:00:00', '2016-01-01 00:00:00', 0),
(20, 7, 1, 'restaurant_7_1.jpg', '2016-01-01 00:00:00', '2016-01-01 00:00:00', 0),
(21, 7, 2, 'restaurant_7_2.jpg', '2016-01-01 00:00:00', '2016-01-01 00:00:00', 0),
(22, 7, 3, 'restaurant_7_3.jpg', '2016-01-01 00:00:00', '2016-01-01 00:00:00', 0),
(23, 8, 1, 'restaurant_8_1.jpg', '2016-01-01 00:00:00', '2016-01-01 00:00:00', 0),
(24, 8, 2, 'restaurant_8_2.jpg', '2016-01-01 00:00:00', '2016-01-01 00:00:00', 0),
(25, 8, 3, 'restaurant_8_3.jpg', '2016-01-01 00:00:00', '2016-01-01 00:00:00', 0),
(26, 9, 1, 'restaurant_9_1.jpg', '2016-01-01 00:00:00', '2016-01-01 00:00:00', 0),
(27, 9, 2, 'restaurant_9_2.jpg', '2016-01-01 00:00:00', '2016-01-01 00:00:00', 0),
(28, 9, 3, 'restaurant_9_3.jpg', '2016-01-01 00:00:00', '2016-01-01 00:00:00', 0),
(29, 10, 1, 'restaurant_10_1.jpg', '2016-01-01 00:00:00', '2016-01-01 00:00:00', 0),
(30, 10, 2, 'restaurant_10_2.jpg', '2016-01-01 00:00:00', '2016-01-01 00:00:00', 0),
(31, 10, 3, 'restaurant_10_3.jpg', '2016-01-01 00:00:00', '2016-01-01 00:00:00', 0),
(32, 11, 1, 'restaurant_11_1.jpg', '2016-01-01 00:00:00', '2016-01-01 00:00:00', 0),
(33, 11, 2, 'restaurant_11_2.jpg', '2016-01-01 00:00:00', '2016-01-01 00:00:00', 0),
(34, 11, 3, 'restaurant_11_3.jpg', '2016-01-01 00:00:00', '2016-01-01 00:00:00', 0),
(35, 12, 1, 'restaurant_12_1.jpg', '2016-01-01 00:00:00', '2016-01-01 00:00:00', 0),
(36, 12, 2, 'restaurant_12_2.jpg', '2016-01-01 00:00:00', '2016-01-01 00:00:00', 0),
(37, 12, 3, 'restaurant_12_3.jpg', '2016-01-01 00:00:00', '2016-01-01 00:00:00', 0),
(38, 13, 1, 'restaurant_13_1.jpg', '2016-01-01 00:00:00', '2016-01-01 00:00:00', 0),
(39, 13, 2, 'restaurant_13_2.jpg', '2016-01-01 00:00:00', '2016-01-01 00:00:00', 0),
(40, 13, 3, 'restaurant_13_3.jpg', '2016-01-01 00:00:00', '2016-01-01 00:00:00', 0),
(41, 14, 1, 'restaurant_14_1.jpg', '2016-01-01 00:00:00', '2016-01-01 00:00:00', 0),
(42, 14, 2, 'restaurant_14_2.jpg', '2016-01-01 00:00:00', '2016-01-01 00:00:00', 0),
(43, 14, 3, 'restaurant_14_3.jpg', '2016-01-01 00:00:00', '2016-01-01 00:00:00', 0),
(44, 15, 1, 'restaurant_15_1.jpg', '2016-01-01 00:00:00', '2016-01-01 00:00:00', 0),
(45, 15, 2, 'restaurant_15_2.jpg', '2016-01-01 00:00:00', '2016-01-01 00:00:00', 0),
(46, 15, 3, 'restaurant_15_3.jpg', '2016-01-01 00:00:00', '2016-01-01 00:00:00', 0);

-- --------------------------------------------------------

--
-- テーブルの構造 `restaurants_tags`
--

DROP TABLE IF EXISTS `restaurants_tags`;
CREATE TABLE `restaurants_tags` (
  `id` int(11) NOT NULL,
  `name` varchar(500) NOT NULL,
  `color_id` int(11) NOT NULL,
  `del_flg` tinyint(4) NOT NULL,
  `created` datetime NOT NULL,
  `modified` datetime NOT NULL
) ENGINE=InnoDB AUTO_INCREMENT=11 DEFAULT CHARSET=utf8;

--
-- テーブルのデータのダンプ `restaurants_tags`
--

INSERT INTO `restaurants_tags` (`id`, `name`, `color_id`, `del_flg`, `created`, `modified`) VALUES
(1, '栄養バランスばっちり', 3, 0, '2016-01-01 00:00:00', '2016-01-24 23:34:56'),
(2, '低カロリー', 2, 0, '2016-01-01 00:00:00', '2016-01-01 00:00:00'),
(3, 'ガッツリ！', 1, 0, '2016-01-01 00:00:00', '2016-01-24 23:35:06'),
(4, 'オシャレ', 4, 0, '2016-01-01 00:00:00', '2016-01-01 00:00:00'),
(5, 'カフェ系', 5, 0, '2016-01-01 00:00:00', '2016-01-01 00:00:00'),
(6, '野菜たっぷり系', 6, 0, '2016-01-01 00:00:00', '2016-01-01 00:00:00'),
(7, '静か系', 7, 0, '2016-01-01 00:00:00', '2016-01-01 00:00:00'),
(8, '華やか系', 8, 0, '2016-01-01 00:00:00', '2016-01-01 00:00:00'),
(9, '元気でる系', 9, 0, '2016-01-01 00:00:00', '2016-01-01 00:00:00'),
(10, '楽しい系', 10, 0, '2016-01-01 00:00:00', '2016-01-01 00:00:00');

-- --------------------------------------------------------

--
-- テーブルの構造 `restaurants_tags_relations`
--

DROP TABLE IF EXISTS `restaurants_tags_relations`;
CREATE TABLE `restaurants_tags_relations` (
  `id` int(11) NOT NULL,
  `restaurant_id` int(11) NOT NULL,
  `priority_order` int(11) NOT NULL,
  `restaurants_tag_id` int(11) NOT NULL,
  `created` datetime NOT NULL,
  `modified` datetime NOT NULL,
  `del_flg` tinyint(4) NOT NULL
) ENGINE=InnoDB AUTO_INCREMENT=47 DEFAULT CHARSET=utf8;

--
-- テーブルのデータのダンプ `restaurants_tags_relations`
--

INSERT INTO `restaurants_tags_relations` (`id`, `restaurant_id`, `priority_order`, `restaurants_tag_id`, `created`, `modified`, `del_flg`) VALUES
(1, 1, 1, 1, '2016-01-01 00:00:00', '2016-01-24 23:32:46', 0),
(2, 1, 2, 2, '2016-01-01 00:00:00', '2016-01-01 00:00:00', 0),
(3, 1, 3, 3, '2016-01-01 00:00:00', '2016-01-01 00:00:00', 0),
(4, 2, 1, 4, '2016-01-01 00:00:00', '2016-01-01 00:00:00', 0),
(5, 2, 2, 5, '2016-01-01 00:00:00', '2016-01-01 00:00:00', 0),
(6, 2, 3, 6, '2016-01-01 00:00:00', '2016-01-01 00:00:00', 0),
(7, 3, 1, 7, '2016-01-01 00:00:00', '2016-01-01 00:00:00', 0),
(8, 3, 2, 8, '2016-01-01 00:00:00', '2016-01-01 00:00:00', 0),
(9, 3, 3, 9, '2016-01-01 00:00:00', '2016-01-01 00:00:00', 0),
(10, 4, 1, 10, '2016-01-01 00:00:00', '2016-01-01 00:00:00', 0),
(11, 4, 2, 1, '2016-01-01 00:00:00', '2016-01-01 00:00:00', 0),
(12, 4, 3, 2, '2016-01-01 00:00:00', '2016-01-01 00:00:00', 0),
(13, 4, 4, 3, '2016-01-01 00:00:00', '2016-01-01 00:00:00', 0),
(14, 5, 1, 4, '2016-01-01 00:00:00', '2016-01-01 00:00:00', 0),
(15, 5, 2, 5, '2016-01-01 00:00:00', '2016-01-01 00:00:00', 0),
(16, 5, 3, 6, '2016-01-01 00:00:00', '2016-01-01 00:00:00', 0),
(17, 6, 1, 7, '2016-01-01 00:00:00', '2016-01-01 00:00:00', 0),
(18, 6, 2, 8, '2016-01-01 00:00:00', '2016-01-01 00:00:00', 0),
(19, 6, 3, 9, '2016-01-01 00:00:00', '2016-01-01 00:00:00', 0),
(20, 7, 1, 10, '2016-01-01 00:00:00', '2016-01-01 00:00:00', 0),
(21, 7, 2, 1, '2016-01-01 00:00:00', '2016-01-01 00:00:00', 0),
(22, 7, 3, 2, '2016-01-01 00:00:00', '2016-01-01 00:00:00', 0),
(23, 8, 1, 3, '2016-01-01 00:00:00', '2016-01-01 00:00:00', 0),
(24, 8, 2, 4, '2016-01-01 00:00:00', '2016-01-01 00:00:00', 0),
(25, 8, 3, 5, '2016-01-01 00:00:00', '2016-01-01 00:00:00', 0),
(26, 9, 1, 6, '2016-01-01 00:00:00', '2016-01-01 00:00:00', 0),
(27, 9, 2, 7, '2016-01-01 00:00:00', '2016-01-01 00:00:00', 0),
(28, 9, 3, 8, '2016-01-01 00:00:00', '2016-01-01 00:00:00', 0),
(29, 10, 1, 9, '2016-01-01 00:00:00', '2016-01-01 00:00:00', 0),
(30, 10, 2, 10, '2016-01-01 00:00:00', '2016-01-01 00:00:00', 0),
(31, 10, 3, 1, '2016-01-01 00:00:00', '2016-01-01 00:00:00', 0),
(32, 11, 1, 2, '2016-01-01 00:00:00', '2016-01-01 00:00:00', 0),
(33, 11, 2, 3, '2016-01-01 00:00:00', '2016-01-01 00:00:00', 0),
(34, 11, 3, 4, '2016-01-01 00:00:00', '2016-01-01 00:00:00', 0),
(35, 12, 1, 5, '2016-01-01 00:00:00', '2016-01-01 00:00:00', 0),
(36, 12, 2, 6, '2016-01-01 00:00:00', '2016-01-01 00:00:00', 0),
(37, 12, 3, 7, '2016-01-01 00:00:00', '2016-01-01 00:00:00', 0),
(38, 13, 1, 8, '2016-01-01 00:00:00', '2016-01-01 00:00:00', 0),
(39, 13, 2, 9, '2016-01-01 00:00:00', '2016-01-01 00:00:00', 0),
(40, 13, 3, 10, '2016-01-01 00:00:00', '2016-01-01 00:00:00', 0),
(41, 14, 1, 1, '2016-01-01 00:00:00', '2016-01-01 00:00:00', 0),
(42, 14, 2, 2, '2016-01-01 00:00:00', '2016-01-01 00:00:00', 0),
(43, 14, 3, 3, '2016-01-01 00:00:00', '2016-01-01 00:00:00', 0),
(44, 15, 1, 4, '2016-01-01 00:00:00', '2016-01-01 00:00:00', 0),
(45, 15, 2, 5, '2016-01-01 00:00:00', '2016-01-01 00:00:00', 0),
(46, 15, 3, 6, '2016-01-01 00:00:00', '2016-01-01 00:00:00', 0);

-- --------------------------------------------------------

--
-- テーブルの構造 `set_menus`
--

DROP TABLE IF EXISTS `set_menus`;
CREATE TABLE `set_menus` (
  `id` int(11) NOT NULL,
  `name` varchar(500) NOT NULL,
  `description` varchar(1000) NOT NULL,
  `del_flg` tinyint(4) NOT NULL,
  `created` datetime NOT NULL,
  `modified` datetime NOT NULL
) ENGINE=InnoDB AUTO_INCREMENT=47 DEFAULT CHARSET=utf8;

--
-- テーブルのデータのダンプ `set_menus`
--

INSERT INTO `set_menus` (`id`, `name`, `description`, `del_flg`, `created`, `modified`) VALUES
(1, 'チキンと野菜の\nグラタンセット', '栄養バランスばっちりのグラタン！ドリンクとサラダ付き！', 0, '2016-01-01 00:00:00', '2016-01-01 00:00:00'),
(2, 'チキンと野菜\nのグラタンセット', '栄養バランスばっちりのグラタン！ドリンクとサラダ付き！', 0, '2016-01-01 00:00:00', '2016-01-01 00:00:00'),
(3, 'チキンと野菜の\nグラタンセット', '栄養バランスばっちりのグラタン！ドリンクとサラダ付き！', 0, '2016-01-01 00:00:00', '2016-01-01 00:00:00'),
(4, 'チキンと野菜のグラタンセット', '栄養バランスばっちりのグラタン！ドリンクとサラダ付き！', 0, '2016-01-01 00:00:00', '2016-01-01 00:00:00'),
(5, 'チキンと野菜のグラタンセット', '栄養バランスばっちりのグラタン！ドリンクとサラダ付き！', 0, '2016-01-01 00:00:00', '2016-01-01 00:00:00'),
(6, 'チキンと野菜のグラタンセット', '栄養バランスばっちりのグラタン！ドリンクとサラダ付き！', 0, '2016-01-01 00:00:00', '2016-01-01 00:00:00'),
(7, 'チキンと野菜のグラタンセット', '栄養バランスばっちりのグラタン！ドリンクとサラダ付き！', 0, '2016-01-01 00:00:00', '2016-01-01 00:00:00'),
(8, 'チキンと野菜のグラタンセット', '栄養バランスばっちりのグラタン！ドリンクとサラダ付き！', 0, '2016-01-01 00:00:00', '2016-01-01 00:00:00'),
(9, 'チキンと野菜のグラタンセット', '栄養バランスばっちりのグラタン！ドリンクとサラダ付き！', 0, '2016-01-01 00:00:00', '2016-01-01 00:00:00'),
(10, 'チキンと野菜のグラタンセット', '栄養バランスばっちりのグラタン！ドリンクとサラダ付き！', 0, '2016-01-01 00:00:00', '2016-01-01 00:00:00'),
(11, 'チキンと野菜のグラタンセット', '栄養バランスばっちりのグラタン！ドリンクとサラダ付き！', 0, '2016-01-01 00:00:00', '2016-01-01 00:00:00'),
(12, 'チキンと野菜のグラタンセット', '栄養バランスばっちりのグラタン！ドリンクとサラダ付き！', 0, '2016-01-01 00:00:00', '2016-01-01 00:00:00'),
(13, 'チキンと野菜のグラタンセット', '栄養バランスばっちりのグラタン！ドリンクとサラダ付き！', 0, '2016-01-01 00:00:00', '2016-01-01 00:00:00'),
(14, 'チキンと野菜のグラタンセット', '栄養バランスばっちりのグラタン！ドリンクとサラダ付き！', 0, '2016-01-01 00:00:00', '2016-01-01 00:00:00'),
(15, 'チキンと野菜のグラタンセット', '栄養バランスばっちりのグラタン！ドリンクとサラダ付き！', 0, '2016-01-01 00:00:00', '2016-01-01 00:00:00'),
(16, 'チキンと野菜のグラタンセット', '栄養バランスばっちりのグラタン！ドリンクとサラダ付き！', 0, '2016-01-01 00:00:00', '2016-01-01 00:00:00'),
(17, 'チキンと野菜のグラタンセット', '栄養バランスばっちりのグラタン！ドリンクとサラダ付き！', 0, '2016-01-01 00:00:00', '2016-01-01 00:00:00'),
(18, 'チキンと野菜のグラタンセット', '栄養バランスばっちりのグラタン！ドリンクとサラダ付き！', 0, '2016-01-01 00:00:00', '2016-01-01 00:00:00'),
(19, 'チキンと野菜のグラタンセット', '栄養バランスばっちりのグラタン！ドリンクとサラダ付き！', 0, '2016-01-01 00:00:00', '2016-01-01 00:00:00'),
(20, 'チキンと野菜のグラタンセット', '栄養バランスばっちりのグラタン！ドリンクとサラダ付き！', 0, '2016-01-01 00:00:00', '2016-01-01 00:00:00'),
(21, 'チキンと野菜のグラタンセット', '栄養バランスばっちりのグラタン！ドリンクとサラダ付き！', 0, '2016-01-01 00:00:00', '2016-01-01 00:00:00'),
(22, 'チキンと野菜のグラタンセット', '栄養バランスばっちりのグラタン！ドリンクとサラダ付き！', 0, '2016-01-01 00:00:00', '2016-01-01 00:00:00'),
(23, 'チキンと野菜のグラタンセット', '栄養バランスばっちりのグラタン！ドリンクとサラダ付き！', 0, '2016-01-01 00:00:00', '2016-01-01 00:00:00'),
(24, 'チキンと野菜のグラタンセット', '栄養バランスばっちりのグラタン！ドリンクとサラダ付き！', 0, '2016-01-01 00:00:00', '2016-01-01 00:00:00'),
(25, 'チキンと野菜のグラタンセット', '栄養バランスばっちりのグラタン！ドリンクとサラダ付き！', 0, '2016-01-01 00:00:00', '2016-01-01 00:00:00'),
(26, 'チキンと野菜のグラタンセット', '栄養バランスばっちりのグラタン！ドリンクとサラダ付き！', 0, '2016-01-01 00:00:00', '2016-01-01 00:00:00'),
(27, 'チキンと野菜のグラタンセット', '栄養バランスばっちりのグラタン！ドリンクとサラダ付き！', 0, '2016-01-01 00:00:00', '2016-01-01 00:00:00'),
(28, 'チキンと野菜のグラタンセット', '栄養バランスばっちりのグラタン！ドリンクとサラダ付き！', 0, '2016-01-01 00:00:00', '2016-01-01 00:00:00'),
(29, 'チキンと野菜のグラタンセット', '栄養バランスばっちりのグラタン！ドリンクとサラダ付き！', 0, '2016-01-01 00:00:00', '2016-01-01 00:00:00'),
(30, 'チキンと野菜のグラタンセット', '栄養バランスばっちりのグラタン！ドリンクとサラダ付き！', 0, '2016-01-01 00:00:00', '2016-01-01 00:00:00'),
(31, 'チキンと野菜のグラタンセット', '栄養バランスばっちりのグラタン！ドリンクとサラダ付き！', 0, '2016-01-01 00:00:00', '2016-01-01 00:00:00'),
(32, 'チキンと野菜のグラタンセット', '栄養バランスばっちりのグラタン！ドリンクとサラダ付き！', 0, '2016-01-01 00:00:00', '2016-01-01 00:00:00'),
(33, 'チキンと野菜のグラタンセット', '栄養バランスばっちりのグラタン！ドリンクとサラダ付き！', 0, '2016-01-01 00:00:00', '2016-01-01 00:00:00'),
(34, 'チキンと野菜のグラタンセット', '栄養バランスばっちりのグラタン！ドリンクとサラダ付き！', 0, '2016-01-01 00:00:00', '2016-01-01 00:00:00'),
(35, 'チキンと野菜のグラタンセット', '栄養バランスばっちりのグラタン！ドリンクとサラダ付き！', 0, '2016-01-01 00:00:00', '2016-01-01 00:00:00'),
(36, 'チキンと野菜のグラタンセット', '栄養バランスばっちりのグラタン！ドリンクとサラダ付き！', 0, '2016-01-01 00:00:00', '2016-01-01 00:00:00'),
(37, 'チキンと野菜のグラタンセット', '栄養バランスばっちりのグラタン！ドリンクとサラダ付き！', 0, '2016-01-01 00:00:00', '2016-01-01 00:00:00'),
(38, 'チキンと野菜のグラタンセット', '栄養バランスばっちりのグラタン！ドリンクとサラダ付き！', 0, '2016-01-01 00:00:00', '2016-01-01 00:00:00'),
(39, 'チキンと野菜のグラタンセット', '栄養バランスばっちりのグラタン！ドリンクとサラダ付き！', 0, '2016-01-01 00:00:00', '2016-01-01 00:00:00'),
(40, 'チキンと野菜のグラタンセット', '栄養バランスばっちりのグラタン！ドリンクとサラダ付き！', 0, '2016-01-01 00:00:00', '2016-01-01 00:00:00'),
(41, 'チキンと野菜のグラタンセット', '栄養バランスばっちりのグラタン！ドリンクとサラダ付き！', 0, '2016-01-01 00:00:00', '2016-01-01 00:00:00'),
(42, 'チキンと野菜のグラタンセット', '栄養バランスばっちりのグラタン！ドリンクとサラダ付き！', 0, '2016-01-01 00:00:00', '2016-01-01 00:00:00'),
(43, 'チキンと野菜のグラタンセット', '栄養バランスばっちりのグラタン！ドリンクとサラダ付き！', 0, '2016-01-01 00:00:00', '2016-01-01 00:00:00'),
(44, 'チキンと野菜のグラタンセット', '栄養バランスばっちりのグラタン！ドリンクとサラダ付き！', 0, '2016-01-01 00:00:00', '2016-01-01 00:00:00'),
(45, 'チキンと野菜のグラタンセット', '栄養バランスばっちりのグラタン！ドリンクとサラダ付き！', 0, '2016-01-01 00:00:00', '2016-01-01 00:00:00'),
(46, 'チキンと野菜のグラタンセット', '栄養バランスばっちりのグラタン！ドリンクとサラダ付き！', 0, '2016-01-01 00:00:00', '2016-01-01 00:00:00');

-- --------------------------------------------------------

--
-- テーブルの構造 `set_menus_photos`
--

DROP TABLE IF EXISTS `set_menus_photos`;
CREATE TABLE `set_menus_photos` (
  `id` int(11) NOT NULL,
  `set_menu_id` int(11) NOT NULL,
  `priority_order` int(11) NOT NULL,
  `file_name` varchar(500) NOT NULL,
  `del_flg` tinyint(4) NOT NULL,
  `created` datetime NOT NULL,
  `modified` datetime NOT NULL
) ENGINE=InnoDB AUTO_INCREMENT=47 DEFAULT CHARSET=utf8;

--
-- テーブルのデータのダンプ `set_menus_photos`
--

INSERT INTO `set_menus_photos` (`id`, `set_menu_id`, `priority_order`, `file_name`, `del_flg`, `created`, `modified`) VALUES
(1, 1, 1, 'set_menu_1_1.jpg', 0, '2016-01-01 00:00:00', '2016-01-01 00:00:00'),
(2, 2, 1, 'set_menu_2_1.jpg', 0, '2016-01-01 00:00:00', '2016-01-01 00:00:00'),
(3, 3, 1, 'set_menu_3_1.jpg', 0, '2016-01-01 00:00:00', '2016-01-01 00:00:00'),
(4, 4, 1, 'set_menu_4_1.jpg', 0, '2016-01-01 00:00:00', '2016-01-01 00:00:00'),
(5, 5, 1, 'set_menu_5_1.jpg', 0, '2016-01-01 00:00:00', '2016-01-01 00:00:00'),
(6, 6, 1, 'set_menu_6_1.jpg', 0, '2016-01-01 00:00:00', '2016-01-01 00:00:00'),
(7, 7, 1, 'set_menu_7_1.jpg', 0, '2016-01-01 00:00:00', '2016-01-01 00:00:00'),
(8, 8, 1, 'set_menu_8_1.jpg', 0, '2016-01-01 00:00:00', '2016-01-01 00:00:00'),
(9, 9, 1, 'set_menu_9_1.jpg', 0, '2016-01-01 00:00:00', '2016-01-01 00:00:00'),
(10, 10, 1, 'set_menu_10_1.jpg', 0, '2016-01-01 00:00:00', '2016-01-01 00:00:00'),
(11, 11, 1, 'set_menu_11_1.jpg', 0, '2016-01-01 00:00:00', '2016-01-01 00:00:00'),
(12, 12, 1, 'set_menu_12_1.jpg', 0, '2016-01-01 00:00:00', '2016-01-01 00:00:00'),
(13, 13, 1, 'set_menu_13_1.jpg', 0, '2016-01-01 00:00:00', '2016-01-01 00:00:00'),
(14, 14, 1, 'set_menu_14_1.jpg', 0, '2016-01-01 00:00:00', '2016-01-01 00:00:00'),
(15, 15, 1, 'set_menu_15_1.jpg', 0, '2016-01-01 00:00:00', '2016-01-01 00:00:00'),
(16, 16, 1, 'set_menu_16_2.jpg', 0, '2016-01-01 00:00:00', '2016-01-01 00:00:00'),
(17, 17, 1, 'set_menu_17_1.jpg', 0, '2016-01-01 00:00:00', '2016-01-01 00:00:00'),
(18, 18, 1, 'set_menu_18_3.jpg', 0, '2016-01-01 00:00:00', '2016-01-01 00:00:00'),
(19, 19, 1, 'set_menu_19_4.jpg', 0, '2016-01-01 00:00:00', '2016-01-01 00:00:00'),
(20, 20, 1, 'set_menu_20_1.jpg', 0, '2016-01-01 00:00:00', '2016-01-01 00:00:00'),
(21, 21, 1, 'set_menu_21_1.jpg', 0, '2016-01-01 00:00:00', '2016-01-01 00:00:00'),
(22, 22, 1, 'set_menu_22_1.jpg', 0, '2016-01-01 00:00:00', '2016-01-01 00:00:00'),
(23, 23, 1, 'set_menu_23_1.jpg', 0, '2016-01-01 00:00:00', '2016-01-01 00:00:00'),
(24, 24, 1, 'set_menu_24_1.jpg', 0, '2016-01-01 00:00:00', '2016-01-01 00:00:00'),
(25, 25, 1, 'set_menu_25_1.jpg', 0, '2016-01-01 00:00:00', '2016-01-01 00:00:00'),
(26, 26, 1, 'set_menu_26_1.jpg', 0, '2016-01-01 00:00:00', '2016-01-01 00:00:00'),
(27, 27, 1, 'set_menu_27_1.jpg', 0, '2016-01-01 00:00:00', '2016-01-01 00:00:00'),
(28, 28, 1, 'set_menu_28_1.jpg', 0, '2016-01-01 00:00:00', '2016-01-01 00:00:00'),
(29, 29, 1, 'set_menu_29_1.jpg', 0, '2016-01-01 00:00:00', '2016-01-01 00:00:00'),
(30, 30, 1, 'set_menu_30_1.jpg', 0, '2016-01-01 00:00:00', '2016-01-01 00:00:00'),
(31, 31, 1, 'set_menu_31_2.jpg', 0, '2016-01-01 00:00:00', '2016-01-01 00:00:00'),
(32, 32, 1, 'set_menu_32_1.jpg', 0, '2016-01-01 00:00:00', '2016-01-01 00:00:00'),
(33, 33, 1, 'set_menu_33_3.jpg', 0, '2016-01-01 00:00:00', '2016-01-01 00:00:00'),
(34, 34, 1, 'set_menu_34_4.jpg', 0, '2016-01-01 00:00:00', '2016-01-01 00:00:00'),
(35, 35, 1, 'set_menu_35_1.jpg', 0, '2016-01-01 00:00:00', '2016-01-01 00:00:00'),
(36, 36, 1, 'set_menu_36_1.jpg', 0, '2016-01-01 00:00:00', '2016-01-01 00:00:00'),
(37, 37, 1, 'set_menu_37_1.jpg', 0, '2016-01-01 00:00:00', '2016-01-01 00:00:00'),
(38, 38, 1, 'set_menu_38_1.jpg', 0, '2016-01-01 00:00:00', '2016-01-01 00:00:00'),
(39, 39, 1, 'set_menu_39_1.jpg', 0, '2016-01-01 00:00:00', '2016-01-01 00:00:00'),
(40, 40, 1, 'set_menu_40_1.jpg', 0, '2016-01-01 00:00:00', '2016-01-01 00:00:00'),
(41, 41, 1, 'set_menu_41_1.jpg', 0, '2016-01-01 00:00:00', '2016-01-01 00:00:00'),
(42, 42, 1, 'set_menu_42_1.jpg', 0, '2016-01-01 00:00:00', '2016-01-01 00:00:00'),
(43, 43, 1, 'set_menu_43_1.jpg', 0, '2016-01-01 00:00:00', '2016-01-01 00:00:00'),
(44, 44, 1, 'set_menu_44_1.jpg', 0, '2016-01-01 00:00:00', '2016-01-01 00:00:00'),
(45, 45, 1, 'set_menu_45_1.jpg', 0, '2016-01-01 00:00:00', '2016-01-01 00:00:00'),
(46, 46, 1, 'set_menu_46_1.jpg', 0, '2016-01-01 00:00:00', '2016-01-01 00:00:00');

--
-- Indexes for dumped tables
--

--
-- Indexes for table `colors`
--
ALTER TABLE `colors`
  ADD PRIMARY KEY (`id`) USING BTREE;

--
-- Indexes for table `companies`
--
ALTER TABLE `companies`
  ADD PRIMARY KEY (`id`);

--
-- Indexes for table `coupons`
--
ALTER TABLE `coupons`
  ADD PRIMARY KEY (`id`) USING BTREE,
  ADD UNIQUE KEY `restaurant_id` (`restaurant_id`,`priority_order`) USING BTREE;

--
-- Indexes for table `restaurants`
--
ALTER TABLE `restaurants`
  ADD PRIMARY KEY (`id`);

--
-- Indexes for table `restaurants_genres`
--
ALTER TABLE `restaurants_genres`
  ADD PRIMARY KEY (`id`) USING BTREE;

--
-- Indexes for table `restaurants_genres_relations`
--
ALTER TABLE `restaurants_genres_relations`
  ADD PRIMARY KEY (`id`) USING BTREE,
  ADD UNIQUE KEY `restaurant_id` (`restaurant_id`,`priority_order`) USING BTREE;

--
-- Indexes for table `restaurants_photos`
--
ALTER TABLE `restaurants_photos`
  ADD PRIMARY KEY (`id`) USING BTREE,
  ADD UNIQUE KEY `restaurant_id` (`restaurant_id`,`priority_order`);

--
-- Indexes for table `restaurants_tags`
--
ALTER TABLE `restaurants_tags`
  ADD PRIMARY KEY (`id`) USING BTREE;

--
-- Indexes for table `restaurants_tags_relations`
--
ALTER TABLE `restaurants_tags_relations`
  ADD PRIMARY KEY (`id`) USING BTREE,
  ADD UNIQUE KEY `restaurant_id` (`restaurant_id`,`priority_order`) USING BTREE;

--
-- Indexes for table `set_menus`
--
ALTER TABLE `set_menus`
  ADD PRIMARY KEY (`id`) USING BTREE;

--
-- Indexes for table `set_menus_photos`
--
ALTER TABLE `set_menus_photos`
  ADD PRIMARY KEY (`id`) USING BTREE,
  ADD UNIQUE KEY `set_menu_id` (`set_menu_id`,`priority_order`) USING BTREE;

--
-- AUTO_INCREMENT for dumped tables
--

--
-- AUTO_INCREMENT for table `colors`
--
ALTER TABLE `colors`
  MODIFY `id` int(11) NOT NULL AUTO_INCREMENT,AUTO_INCREMENT=11;
--
-- AUTO_INCREMENT for table `companies`
--
ALTER TABLE `companies`
  MODIFY `id` int(11) NOT NULL AUTO_INCREMENT,AUTO_INCREMENT=3;
--
-- AUTO_INCREMENT for table `coupons`
--
ALTER TABLE `coupons`
  MODIFY `id` int(11) NOT NULL AUTO_INCREMENT,AUTO_INCREMENT=47;
--
-- AUTO_INCREMENT for table `restaurants`
--
ALTER TABLE `restaurants`
  MODIFY `id` int(11) NOT NULL AUTO_INCREMENT,AUTO_INCREMENT=16;
--
-- AUTO_INCREMENT for table `restaurants_genres`
--
ALTER TABLE `restaurants_genres`
  MODIFY `id` int(11) NOT NULL AUTO_INCREMENT,AUTO_INCREMENT=5;
--
-- AUTO_INCREMENT for table `restaurants_genres_relations`
--
ALTER TABLE `restaurants_genres_relations`
  MODIFY `id` int(11) NOT NULL AUTO_INCREMENT,AUTO_INCREMENT=47;
--
-- AUTO_INCREMENT for table `restaurants_photos`
--
ALTER TABLE `restaurants_photos`
  MODIFY `id` int(11) NOT NULL AUTO_INCREMENT,AUTO_INCREMENT=47;
--
-- AUTO_INCREMENT for table `restaurants_tags`
--
ALTER TABLE `restaurants_tags`
  MODIFY `id` int(11) NOT NULL AUTO_INCREMENT,AUTO_INCREMENT=11;
--
-- AUTO_INCREMENT for table `restaurants_tags_relations`
--
ALTER TABLE `restaurants_tags_relations`
  MODIFY `id` int(11) NOT NULL AUTO_INCREMENT,AUTO_INCREMENT=47;
--
-- AUTO_INCREMENT for table `set_menus`
--
ALTER TABLE `set_menus`
  MODIFY `id` int(11) NOT NULL AUTO_INCREMENT,AUTO_INCREMENT=47;
--
-- AUTO_INCREMENT for table `set_menus_photos`
--
ALTER TABLE `set_menus_photos`
  MODIFY `id` int(11) NOT NULL AUTO_INCREMENT,AUTO_INCREMENT=47;